title,theme,literature,start_page,end_page,difficulty
,Статика,"Физика: Механика. 10 класс: Учебник для углубленного изучения физики. М. М. Балашов, А. И. Гомонова, А. Б. Долицкий и др. Под ред. Г. Я. Мякишева",396,422,2
,Статика,Элементарный учебник физики.Том 1: Механика и молекулярная физика.Под ред. Г.С. Ландсберга,138,178,1
,Імпульс. Центр мас,Элементарный учебник физики.Том 1: Механика и молекулярная физика.Под ред. Г.С. Ландсберга,107,111,0
,Імпульс. Центр мас,"Физика: Механика. 10 класс: Учебник для углубленного изучения физики. М. М. Балашов, А. И. Гомонова, А. Б. Долицкий и др. Под ред. Г. Я. Мякишева",284,308,1
,Рух з постійною швидкістю. Графіки. Елементарні задачі на рух зі змінною швидкістю. Рух зі зв’язками,"Физика: Механика. 10 класс: Учебник для углубленного изучения физики. М. М. Балашов, А. И. Гомонова, А. Б. Долицкий и др. Под ред. Г. Я. Мякишева",29,44,1
,Рух з постійною швидкістю. Графіки. Елементарні задачі на рух зі змінною швидкістю. Рух зі зв’язками,"Физика: Механика. 10 класс: Учебник для углубленного изучения физики. М. М. Балашов, А. И. Гомонова, А. Б. Долицкий и др. Под ред. Г. Я. Мякишева",72,73,1
,Рух з постійною швидкістю. Графіки. Елементарні задачі на рух зі змінною швидкістю. Рух зі зв’язками,"Физика: Механика. 10 класс: Учебник для углубленного изучения физики. М. М. Балашов, А. И. Гомонова, А. Б. Долицкий и др. Под ред. Г. Я. Мякишева",44,71,2
,Рух з постійною швидкістю. Графіки. Елементарні задачі на рух зі змінною швидкістю. Рух зі зв’язками,"Физика: Механика. 10 класс: Учебник для углубленного изучения физики. М. М. Балашов, А. И. Гомонова, А. Б. Долицкий и др. Под ред. Г. Я. Мякишева",73,77,2
,Енергія. Робота. Прості механізми,Элементарный учебник физики.Том 1: Механика и молекулярная физика.Под ред. Г.С. Ландсберга,156,162,1
,Енергія. Робота. Прості механізми,Элементарный учебник физики.Том 1: Механика и молекулярная физика.Под ред. Г.С. Ландсберга,168,197,1
,Енергія. Робота. Прості механізми,Элементарный учебник физики.Том 1: Механика и молекулярная физика.Под ред. Г.С. Ландсберга,198,200,1
,Енергія. Робота. Прості механізми,Элементарный учебник физики.Том 1: Механика и молекулярная физика.Под ред. Г.С. Ландсберга,202,212,1
,Енергія. Робота. Прості механізми,"Физика: Механика. 10 класс: Учебник для углубленного изучения физики. М. М. Балашов, А. И. Гомонова, А. Б. Долицкий и др. Под ред. Г. Я. Мякишева",312,329,2
,Енергія. Робота. Прості механізми,"Физика: Механика. 10 класс: Учебник для углубленного изучения физики. М. М. Балашов, А. И. Гомонова, А. Б. Долицкий и др. Под ред. Г. Я. Мякишева",336,340,2
,Енергія. Робота. Прості механізми,"Физика: Механика. 10 класс: Учебник для углубленного изучения физики. М. М. Балашов, А. И. Гомонова, А. Б. Долицкий и др. Под ред. Г. Я. Мякишева",342,347,2
,Закони Ньютона. Сили,Элементарный учебник физики.Том 1: Механика и молекулярная физика.Под ред. Г.С. Ландсберга,76,107,1
,Закони Ньютона. Сили,Элементарный учебник физики.Том 1: Механика и молекулярная физика.Под ред. Г.С. Ландсберга,111,119,1
,Закони Ньютона. Сили,"Физика: Механика. 10 класс: Учебник для углубленного изучения физики. М. М. Балашов, А. И. Гомонова, А. Б. Долицкий и др. Под ред. Г. Я. Мякишева",149,207,2
,Закони Ньютона. Сили,"Физика: Механика. 10 класс: Учебник для углубленного изучения физики. М. М. Балашов, А. И. Гомонова, А. Б. Долицкий и др. Под ред. Г. Я. Мякишева",238,243,2
,Закони Ньютона. Сили,"Физика: Механика. 10 класс: Учебник для углубленного изучения физики. М. М. Балашов, А. И. Гомонова, А. Б. Долицкий и др. Под ред. Г. Я. Мякишева",254,268,2
,Рух з постійною швидкістю. Графіки. Елементарні задачі на рух зі змінною швидкістю. Рух зі зв’язками,Элементарный учебник физики.Том 1: Механика и молекулярная физика.Под ред. Г.С. Ландсберга,19,59,0
,Рух з постійною швидкістю. Графіки. Елементарні задачі на рух зі змінною швидкістю. Рух зі зв’язками,Элементарный учебник физики.Том 1: Механика и молекулярная физика.Под ред. Г.С. Ландсберга,59,66,1
,Відносна швидкість. Перетворення Галілея,Элементарный учебник физики.Том 1: Механика и молекулярная физика.Под ред. Г.С. Ландсберга,70,72,0
,Відносна швидкість. Перетворення Галілея,"Физика: Механика. 10 класс: Учебник для углубленного изучения физики. М. М. Балашов, А. И. Гомонова, А. Б. Долицкий и др. Под ред. Г. Я. Мякишева",128,148,2
,Зіткнення (імпульс + енергія),"Физика: Механика. 10 класс: Учебник для углубленного изучения физики. М. М. Балашов, А. И. Гомонова, А. Б. Долицкий и др. Под ред. Г. Я. Мякишева",340,342,0
,Зіткнення (імпульс + енергія),Элементарный учебник физики.Том 1: Механика и молекулярная физика.Под ред. Г.С. Ландсберга,196,202,0
,Гравітаційна сила. Закони Кеплера,Элементарный учебник физики.Том 1: Механика и молекулярная физика.Под ред. Г.С. Ландсберга,238,252,0
,Гравітаційна сила. Закони Кеплера,"Физика: Механика. 10 класс: Учебник для углубленного изучения физики. М. М. Балашов, А. И. Гомонова, А. Б. Долицкий и др. Под ред. Г. Я. Мякишева",210,228,0
,Коливання,"Физика: Колебание и волны. 11 класс: Учебник для углубленного изучения физики. Г. Я. Мякишев, А. З. Синяков",5,54,1
,Коливання,"Элементарный учебник физики.Том 3: Колебания, волны, оптика, атомная физика.Под ред. Г.С. Ландсберга",11,49,1
,Тверде тіло. Обертання твердого тіла. Момент імпульсу,"Физика: Механика. 10 класс: Учебник для углубленного изучения физики. М. М. Балашов, А. И. Гомонова, А. Б. Долицкий и др. Под ред. Г. Я. Мякишева",357,395,1
,Деформація та напруга. Хвилі,"Физика: Механика. 10 класс: Учебник для углубленного изучения физики. М. М. Балашов, А. И. Гомонова, А. Б. Долицкий и др. Под ред. Г. Я. Мякишева",423,437,0
,Деформація та напруга. Хвилі,"Физика: Колебание и волны. 11 класс: Учебник для углубленного изучения физики. Г. Я. Мякишев, А. З. Синяков",158,219,0
,Деформація та напруга. Хвилі,Элементарный учебник физики.Том 1: Механика и молекулярная физика.Под ред. Г.С. Ландсберга,118,128,0
,Деформація та напруга. Хвилі,"Элементарный учебник физики.Том 3: Колебания, волны, оптика, атомная физика.Под ред. Г.С. Ландсберга",87,114,0
,Плавання. Сила Архімеда,Элементарный учебник физики.Том 1: Механика и молекулярная физика.Под ред. Г.С. Ландсберга,307,319,0
,Плавання. Сила Архімеда,"Физика: Механика. 10 класс: Учебник для углубленного изучения физики. М. М. Балашов, А. И. Гомонова, А. Б. Долицкий и др. Под ред. Г. Я. Мякишева",446,450,0
,Рух ідеальної рідини,"Физика: Механика. 10 класс: Учебник для углубленного изучения физики. М. М. Балашов, А. И. Гомонова, А. Б. Долицкий и др. Под ред. Г. Я. Мякишева",450,464,0
Поняття похідної,Основи математичного аналізу,Высшая математика для начинающих и ее приложения к физике Зельдович Я.Б.,11,36,0
Поняття інтегралу,Основи математичного аналізу,Высшая математика для начинающих и ее приложения к физике Зельдович Я.Б.,36,77,0
Обрахування похідної,Основи математичного аналізу,Высшая математика для начинающих и ее приложения к физике Зельдович Я.Б.,78,112,1
Обрахування інтегралу,Основи математичного аналізу,Высшая математика для начинающих и ее приложения к физике Зельдович Я.Б.,112,126,1
Застосування похідної і інтегралів,Основи математичного аналізу,Высшая математика для начинающих и ее приложения к физике Зельдович Я.Б.,159,197,1
Застосування похідної і інтегралів,Основи математичного аналізу,Высшая математика для начинающих и ее приложения к физике Зельдович Я.Б.,233,457,2
,Статика,"ФИЗИКА, Книга 1. Механика, Бутиков Е. И., Кондратьев А. С.",251,260,0
,Закони Ньютона. Сили,"ФИЗИКА, Книга 1. Механика, Бутиков Е. И., Кондратьев А. С.",83,107,0
,Імпульс. Центр мас,"ФИЗИКА, Книга 1. Механика, Бутиков Е. И., Кондратьев А. С.",165,179,0
,Енергія. Робота. Прості механізми,"ФИЗИКА, Книга 1. Механика, Бутиков Е. И., Кондратьев А. С.",195,196,0
,Енергія. Робота. Прості механізми,"ФИЗИКА, Книга 1. Механика, Бутиков Е. И., Кондратьев А. С.",179,189,1
,Гравітаційна сила. Закони Кеплера,"ФИЗИКА, Книга 1. Механика, Бутиков Е. И., Кондратьев А. С.",124,139,0
,Коливання,"ФИЗИКА, Книга 1. Механика, Бутиков Е. И., Кондратьев А. С.",267,271,0
,Коливання,"ФИЗИКА, Книга 1. Механика, Бутиков Е. И., Кондратьев А. С.",271,311,1
,Деформація та напруга. Хвилі,"ФИЗИКА, Книга 1. Механика, Бутиков Е. И., Кондратьев А. С.",140,143,0
,Деформація та напруга. Хвилі,"ФИЗИКА, Книга 1. Механика, Бутиков Е. И., Кондратьев А. С.",311,331,1
,Енергія. Робота. Прості механізми,"Підручник з фізики 7 клас, Засєкіна Т. М., Засєкін Д. О.",186,216,0
,Закони Ньютона. Сили,"Підручник для 9 класу для загальноосвітніх навчальних закладів з поглибленим вивченням фізики, Засєкіна Т. М., Засєкін Д. О.",204,215,0
,Імпульс. Центр мас,"Підручник для 9 класу для загальноосвітніх навчальних закладів з поглибленим вивченням фізики, Засєкіна Т. М., Засєкін Д. О.",231,239,0
,Гравітаційна сила. Закони Кеплера,"Підручник для 9 класу для загальноосвітніх навчальних закладів з поглибленим вивченням фізики, Засєкіна Т. М., Засєкін Д. О.",215,221,0
,Деформація та напруга. Хвилі,"Підручник для 9 класу для загальноосвітніх навчальних закладів з поглибленим вивченням фізики, Засєкіна Т. М., Засєкін Д. О.",111,127,0
,Деформація та напруга. Хвилі,"Підручник для 9 класу для загальноосвітніх навчальних закладів з поглибленим вивченням фізики, Засєкіна Т. М., Засєкін Д. О.",111,127,0
,Статика,"Підручник для 10 класу закладів загальної середньої освіти, профільний рівень, Засєкіна Т. М., Засєкін Д. О.",77,83,0
,Закони Ньютона. Сили,"Підручник для 10 класу закладів загальної середньої освіти, профільний рівень, Засєкіна Т. М., Засєкін Д. О.",40,48,0
,Закони Ньютона. Сили,"Підручник для 10 класу закладів загальної середньої освіти, профільний рівень, Засєкіна Т. М., Засєкін Д. О.",58,69,0
,Енергія. Робота. Прості механізми,"Підручник для 10 класу закладів загальної середньої освіти, профільний рівень, Засєкіна Т. М., Засєкін Д. О.",97,106,1
,Гравітаційна сила. Закони Кеплера,"Підручник для 10 класу закладів загальної середньої освіти, профільний рівень, Засєкіна Т. М., Засєкін Д. О.",48,58,0
,Коливання,"Підручник для 10 класу закладів загальної середньої освіти, профільний рівень, Засєкіна Т. М., Засєкін Д. О.",118,134,0
,Деформація та напруга. Хвилі,"Підручник для 10 класу закладів загальної середньої освіти, профільний рівень, Засєкіна Т. М., Засєкін Д. О.",137,142,0
,Деформація та напруга. Хвилі,"Підручник для 10 класу закладів загальної середньої освіти, профільний рівень, Засєкіна Т. М., Засєкін Д. О.",137,142,0
,Деформація та напруга. Хвилі,"Підручник для 10 класу закладів загальної середньої освіти, профільний рівень, Засєкіна Т. М., Засєкін Д. О.",137,142,0
Рух зі змінною швидкістю,Рух зі змінною швидкістю. Рух в полі тяжіння. Криволінійний рух. Рух зі зв’язками,"Физика: Механика. 10 класс: Учебник для углубленного изучения физики. М. М. Балашов, А. И. Гомонова, А. Б. Долицкий и др. Под ред. Г. Я. Мякишева",77,92,0
"Вільне падіння. Траекторія руху тіла, кинутого під кутом до горизонту.",Рух зі змінною швидкістю. Рух в полі тяжіння. Криволінійний рух. Рух зі зв’язками,"Физика: Механика. 10 класс: Учебник для углубленного изучения физики. М. М. Балашов, А. И. Гомонова, А. Б. Долицкий и др. Под ред. Г. Я. Мякишева",101,107,0
Графіки залежності координати від часу при русі з постійним прискоренням. Приклади розв'язування задач,Рух зі змінною швидкістю. Рух в полі тяжіння. Криволінійний рух. Рух зі зв’язками,"Физика: Механика. 10 класс: Учебник для углубленного изучения физики. М. М. Балашов, А. И. Гомонова, А. Б. Долицкий и др. Под ред. Г. Я. Мякишева",92,101,1
"Час підйому та час польоту тіла, кинутого під кутом до горизонту. Дальність та максимальна висота. Приклади розв'язування задач",Рух зі змінною швидкістю. Рух в полі тяжіння. Криволінійний рух. Рух зі зв’язками,"Физика: Механика. 10 класс: Учебник для углубленного изучения физики. М. М. Балашов, А. И. Гомонова, А. Б. Долицкий и др. Под ред. Г. Я. Мякишева",107,115,1
,Криволінійний рух. Рух зі зв’язками,"Физика: Механика. 10 класс: Учебник для углубленного изучения физики. М. М. Балашов, А. И. Гомонова, А. Б. Долицкий и др. Под ред. Г. Я. Мякишева",116,125,0
,Криволінійний рух. Рух зі зв’язками,"Физика: Механика. 10 класс: Учебник для углубленного изучения физики. М. М. Балашов, А. И. Гомонова, А. Б. Долицкий и др. Под ред. Г. Я. Мякишева",125,128,1
4 типи сил. Сили в механіці,"Сили: тяжіння, реакція опори, вага, тертя, пружності, натягу","Физика: Механика. 10 класс: Учебник для углубленного изучения физики. М. М. Балашов, А. И. Гомонова, А. Б. Долицкий и др. Под ред. Г. Я. Мякишева",208,210,0
Природа сили пружності. Деформація тіл,"Сили: тяжіння, реакція опори, вага, тертя, пружності, натягу","Физика: Механика. 10 класс: Учебник для углубленного изучения физики. М. М. Балашов, А. И. Гомонова, А. Б. Долицкий и др. Под ред. Г. Я. Мякишева",228,230,0
Закон Гука. Вага тіла,"Сили: тяжіння, реакція опори, вага, тертя, пружності, натягу","Физика: Механика. 10 класс: Учебник для углубленного изучения физики. М. М. Балашов, А. И. Гомонова, А. Б. Долицкий и др. Под ред. Г. Я. Мякишева",233,237,0
Сила тертя. Природа та види сили тертя. Роль сили тертя,"Сили: тяжіння, реакція опори, вага, тертя, пружності, натягу","Физика: Механика. 10 класс: Учебник для углубленного изучения физики. М. М. Балашов, А. И. Гомонова, А. Б. Долицкий и др. Под ред. Г. Я. Мякишева",243,251,0
Сила тяжіння. Прискорення вільного падіння,"Сили: тяжіння, реакція опори, вага, тертя, пружності, натягу","Физика: Механика. 10 класс: Учебник для углубленного изучения физики. М. М. Балашов, А. И. Гомонова, А. Б. Долицкий и др. Под ред. Г. Я. Мякишева",222,223,1
Деформація тіл під дією сили тяжіння та сили пружності,"Сили: тяжіння, реакція опори, вага, тертя, пружності, натягу","Физика: Механика. 10 класс: Учебник для углубленного изучения физики. М. М. Балашов, А. И. Гомонова, А. Б. Долицкий и др. Под ред. Г. Я. Мякишева",241,242,1
Сила опору при русі тіл в рідинах та газах,"Сили: тяжіння, реакція опори, вага, тертя, пружності, натягу","Физика: Механика. 10 класс: Учебник для углубленного изучения физики. М. М. Балашов, А. И. Гомонова, А. Б. Долицкий и др. Под ред. Г. Я. Мякишева",251,253,1
Маса Землі. Центр тяжіння,"Сили: тяжіння, реакція опори, вага, тертя, пружності, натягу","Физика: Механика. 10 класс: Учебник для углубленного изучения физики. М. М. Балашов, А. И. Гомонова, А. Б. Долицкий и др. Под ред. Г. Я. Мякишева",224,226,2
Як виникає деформація тіла?,"Сили: тяжіння, реакція опори, вага, тертя, пружності, натягу","Физика: Механика. 10 класс: Учебник для углубленного изучения физики. М. М. Балашов, А. И. Гомонова, А. Б. Долицкий и др. Под ред. Г. Я. Мякишева",231,233,2
,НІСВ. Сили інерції,"Физика: Механика. 10 класс: Учебник для углубленного изучения физики. М. М. Балашов, А. И. Гомонова, А. Б. Долицкий и др. Под ред. Г. Я. Мякишева",269,275,0
,НІСВ. Сили інерції,"Физика: Механика. 10 класс: Учебник для углубленного изучения физики. М. М. Балашов, А. И. Гомонова, А. Б. Долицкий и др. Под ред. Г. Я. Мякишева",275,283,1
,Енергія. Робота. Потенціальні(не) сили,"Физика: Механика. 10 класс: Учебник для углубленного изучения физики. М. М. Балашов, А. И. Гомонова, А. Б. Долицкий и др. Под ред. Г. Я. Мякишева",328,329,0
,Енергія. Робота. Потенціальні(не) сили,"Физика: Механика. 10 класс: Учебник для углубленного изучения физики. М. М. Балашов, А. И. Гомонова, А. Б. Долицкий и др. Под ред. Г. Я. Мякишева",329,331,1
,Енергія. Робота. Потенціальні(не) сили,"Физика: Механика. 10 класс: Учебник для углубленного изучения физики. М. М. Балашов, А. И. Гомонова, А. Б. Долицкий и др. Под ред. Г. Я. Мякишева",331,335,1
,Гідростатика. Тиск. Закон Паскаля. Сполучені посудини,"Физика: Механика. 10 класс: Учебник для углубленного изучения физики. М. М. Балашов, А. И. Гомонова, А. Б. Долицкий и др. Под ред. Г. Я. Мякишева",438,440,0
,Гідростатика. Тиск. Закон Паскаля. Сполучені посудини,"Физика: Механика. 10 класс: Учебник для углубленного изучения физики. М. М. Балашов, А. И. Гомонова, А. Б. Долицкий и др. Под ред. Г. Я. Мякишева",445,446,0
,Гідростатика. Тиск. Закон Паскаля. Сполучені посудини,"Физика: Механика. 10 класс: Учебник для углубленного изучения физики. М. М. Балашов, А. И. Гомонова, А. Б. Долицкий и др. Под ред. Г. Я. Мякишева",443,445,1
,Гідростатика. Тиск. Закон Паскаля. Сполучені посудини,"Физика: Механика. 10 класс: Учебник для углубленного изучения физики. М. М. Балашов, А. И. Гомонова, А. Б. Долицкий и др. Под ред. Г. Я. Мякишева",441,442,2
Внутрішнє тертя (в'язкість),Рух в’язкої рідини,"Яворский Б.М., Пинский А.А. Основы физики. Том 1. Механика. Молекулярная физика. Электродинамика",105,106,0
,Рух з постійною швидкістю. Графіки. Елементарні задачі на рух зі змінною швидкістю. Рух зі зв’язками,"Підручник з фізики 7 клас, Засєкіна Т. М., Засєкін Д. О.",44,93,0
,Рух з постійною швидкістю. Графіки. Елементарні задачі на рух зі змінною швидкістю. Рух зі зв’язками,"Підручник для 10 класу закладів загальної середньої освіти, профільний рівень, Засєкіна Т. М., Засєкін Д. О.",5,12,2
,Відносна швидкість. Перетворення Галілея,"Підручник для 10 класу закладів загальної середньої освіти, профільний рівень, Засєкіна Т. М., Засєкін Д. О.",13,17,1
,Відносна швидкість. Перетворення Галілея,"ФИЗИКА, Книга 1. Механика, Бутиков Е. И., Кондратьев А. С.",11,16,1
,Відносна швидкість. Перетворення Галілея,"ФИЗИКА, Книга 1. Механика, Бутиков Е. И., Кондратьев А. С.",76,82,2
,Рух з постійною швидкістю. Графіки. Елементарні задачі на рух зі змінною швидкістю. Рух зі зв’язками,"ФИЗИКА, Книга 1. Механика, Бутиков Е. И., Кондратьев А. С.",41,46,2
,Зіткнення (імпульс + енергія),"Підручник для 9 класу для загальноосвітніх навчальних закладів з поглибленим вивченням фізики, Засєкіна Т. М., Засєкін Д. О.",242,247,0
,Зіткнення (імпульс + енергія),"Підручник для 10 класу закладів загальної середньої освіти, профільний рівень, Засєкіна Т. М., Засєкін Д. О.",230,242,1
,Тверде тіло. Обертання твердого тіла. Момент імпульсу,"Підручник для 10 класу закладів загальної середньої освіти, профільний рівень, Засєкіна Т. М., Засєкін Д. О.",83,90,0
,Тверде тіло. Обертання твердого тіла. Момент імпульсу,"Підручник для 10 класу закладів загальної середньої освіти, профільний рівень, Засєкіна Т. М., Засєкін Д. О.",106,110,0
,Тверде тіло. Обертання твердого тіла. Момент імпульсу,"ФИЗИКА, Книга 1. Механика, Бутиков Е. И., Кондратьев А. С.",260,267,1
,Плавання. Сила Архімеда,"Підручник з фізики 7 клас, Засєкіна Т. М., Засєкін Д. О.",172,176,0
,Плавання. Сила Архімеда,"ФИЗИКА, Книга 1. Механика, Бутиков Е. И., Кондратьев А. С.",333,337,1
,Рух ідеальної рідини,"Підручник для 10 класу закладів загальної середньої освіти, профільний рівень, Засєкіна Т. М., Засєкін Д. О.",110,116,0
,Рух ідеальної рідини,"ФИЗИКА, Книга 1. Механика, Бутиков Е. И., Кондратьев А. С.",337,344,1
Прискорення,Рух зі змінною швидкістю. Рух в полі тяжіння. Криволінійний рух. Рух зі зв’язками,"ФИЗИКА, Книга 1. Механика, Бутиков Е. И., Кондратьев А. С.",34,35,0
Нерівномірний одномірний рух,Рух зі змінною швидкістю. Рух в полі тяжіння. Криволінійний рух. Рух зі зв’язками,"ФИЗИКА, Книга 1. Механика, Бутиков Е. И., Кондратьев А. С.",46,49,0
Вільне падіння,Рух зі змінною швидкістю. Рух в полі тяжіння. Криволінійний рух. Рух зі зв’язками,"ФИЗИКА, Книга 1. Механика, Бутиков Е. И., Кондратьев А. С.",50,51,0
Рівнозмінний рух в просторі,Рух зі змінною швидкістю. Рух в полі тяжіння. Криволінійний рух. Рух зі зв’язками,"ФИЗИКА, Книга 1. Механика, Бутиков Е. И., Кондратьев А. С.",61,68,0
Рівняння траекторії. Незалежність рухів,Рух зі змінною швидкістю. Рух в полі тяжіння. Криволінійний рух. Рух зі зв’язками,"ФИЗИКА, Книга 1. Механика, Бутиков Е. И., Кондратьев А. С.",68,70,1
Знаходження екстремумів,Рух зі змінною швидкістю. Рух в полі тяжіння. Криволінійний рух. Рух зі зв’язками,"ФИЗИКА, Книга 1. Механика, Бутиков Е. И., Кондратьев А. С.",73,74,1
Границя досяжних цілей,Рух зі змінною швидкістю. Рух в полі тяжіння. Криволінійний рух. Рух зі зв’язками,"ФИЗИКА, Книга 1. Механика, Бутиков Е. И., Кондратьев А. С.",70,72,2
Оборотність руху,Рух зі змінною швидкістю. Рух в полі тяжіння. Криволінійний рух. Рух зі зв’язками,"ФИЗИКА, Книга 1. Механика, Бутиков Е. И., Кондратьев А. С.",74,75,2
Прямолінійний рівноприскорений рух,Рух зі змінною швидкістю. Рух в полі тяжіння. Криволінійний рух. Рух зі зв’язками,"Підручник для 10 класу закладів загальної середньої освіти, профільний рівень, Засєкіна Т. М., Засєкін Д. О.",18,23,0
Вільне падіння та криволінійний рух в однорідному полі тяжіння,Рух зі змінною швидкістю. Рух в полі тяжіння. Криволінійний рух. Рух зі зв’язками,"Підручник для 10 класу закладів загальної середньої освіти, профільний рівень, Засєкіна Т. М., Засєкін Д. О.",23,26,0
Геометричний спосіб опису руху в полі тяжіння землі,Рух зі змінною швидкістю. Рух в полі тяжіння. Криволінійний рух. Рух зі зв’язками,"Підручник для 10 класу закладів загальної середньої освіти, профільний рівень, Засєкіна Т. М., Засєкін Д. О.",27,28,1
Сила,"Сили: тяжіння, реакція опори, вага, тертя, пружності, натягу","Підручник з фізики 7 клас, Засєкіна Т. М., Засєкін Д. О.",111,113,0
Сила тяжіння,"Сили: тяжіння, реакція опори, вага, тертя, пружності, натягу","Підручник з фізики 7 клас, Засєкіна Т. М., Засєкін Д. О.",114,117,0
Рівнодійна сил,"Сили: тяжіння, реакція опори, вага, тертя, пружності, натягу","Підручник з фізики 7 клас, Засєкіна Т. М., Засєкін Д. О.",118,121,0
Сили пружності,"Сили: тяжіння, реакція опори, вага, тертя, пружності, натягу","Підручник з фізики 7 клас, Засєкіна Т. М., Засєкін Д. О.",122,125,0
Вага тіла. Невагомість,"Сили: тяжіння, реакція опори, вага, тертя, пружності, натягу","Підручник з фізики 7 клас, Засєкіна Т. М., Засєкін Д. О.",127,131,0
Сили тертя,"Сили: тяжіння, реакція опори, вага, тертя, пружності, натягу","Підручник з фізики 7 клас, Засєкіна Т. М., Засєкін Д. О.",132,136,0
Сила,"Сили: тяжіння, реакція опори, вага, тертя, пружності, натягу","Підручник з фізики 7 клас, Засєкіна Т. М., Засєкін Д. О.",111,113,0
Сила тяжіння,"Сили: тяжіння, реакція опори, вага, тертя, пружності, натягу","Підручник з фізики 7 клас, Засєкіна Т. М., Засєкін Д. О.",114,117,0
Рівнодійна сил,"Сили: тяжіння, реакція опори, вага, тертя, пружності, натягу","Підручник з фізики 7 клас, Засєкіна Т. М., Засєкін Д. О.",118,121,0
Сили пружності,"Сили: тяжіння, реакція опори, вага, тертя, пружності, натягу","Підручник з фізики 7 клас, Засєкіна Т. М., Засєкін Д. О.",122,125,0
Вага тіла. Невагомість,"Сили: тяжіння, реакція опори, вага, тертя, пружності, натягу","Підручник з фізики 7 клас, Засєкіна Т. М., Засєкін Д. О.",127,131,0
Сили тертя,"Сили: тяжіння, реакція опори, вага, тертя, пружності, натягу","Підручник з фізики 7 клас, Засєкіна Т. М., Засєкін Д. О.",132,136,0
Рівномірний рух матеріальної точки по колу,Криволінійний рух. Рух зі зв’язками,"Підручник для 10 класу закладів загальної середньої освіти, профільний рівень, Засєкіна Т. М., Засєкін Д. О.",29,35,0
Нерівномірний рух матеріальної точки по колу,Криволінійний рух. Рух зі зв’язками,"Підручник для 10 класу закладів загальної середньої освіти, профільний рівень, Засєкіна Т. М., Засєкін Д. О.",35,36,0
Кінематичні рівняння обертального руху матеріальної точки,Криволінійний рух. Рух зі зв’язками,"Підручник для 10 класу закладів загальної середньої освіти, профільний рівень, Засєкіна Т. М., Засєкін Д. О.",37,37,1
Дія законів Ньютона в неінерціальних системах відліку,НІСВ. Сили інерції,"Підручник для 10 класу закладів загальної середньої освіти, профільний рівень, Засєкіна Т. М., Засєкін Д. О.",69,71,0
Сила Коріоліса. Штучне тяжіння,НІСВ. Сили інерції,"Підручник для 10 класу закладів загальної середньої освіти, профільний рівень, Засєкіна Т. М., Засєкін Д. О.",72,74,1
,Енергія. Робота. Потенціальні(не) сили,"Підручник для 10 класу закладів загальної середньої освіти, профільний рівень, Засєкіна Т. М., Засєкін Д. О.",97,105,0
Сила опору під час руху тіла в рідині або газі,Енергія. Робота. Потенціальні(не) сили,"Підручник для 10 класу закладів загальної середньої освіти, профільний рівень, Засєкіна Т. М., Засєкін Д. О.",61,61,1
,Гідростатика. Тиск. Закон Паскаля. Сполучені посудини,"Підручник з фізики 7 клас, Засєкіна Т. М., Засєкін Д. О.",146,171,0
Прискорення,Криволінійний рух. Рух зі зв’язками,"ФИЗИКА, Книга 1. Механика, Бутиков Е. И., Кондратьев А. С.",34,37,0
Прискорення - похідна по швидкості,Криволінійний рух. Рух зі зв’язками,"ФИЗИКА, Книга 1. Механика, Бутиков Е. И., Кондратьев А. С.",37,39,1
Тангенціальне та нормальне прискорення,Криволінійний рух. Рух зі зв’язками,"ФИЗИКА, Книга 1. Механика, Бутиков Е. И., Кондратьев А. С.",39,41,2
Сили в природі. Сила тертя,"Сили: тяжіння, реакція опори, вага, тертя, пружності, натягу","ФИЗИКА, Книга 1. Механика, Бутиков Е. И., Кондратьев А. С.",107,112,0
Сила пружності та деформації,"Сили: тяжіння, реакція опори, вага, тертя, пружності, натягу","ФИЗИКА, Книга 1. Механика, Бутиков Е. И., Кондратьев А. С.",140,140,0
Сила - міра взаємодії,"Сили: тяжіння, реакція опори, вага, тертя, пружності, натягу","ФИЗИКА, Книга 1. Механика, Бутиков Е. И., Кондратьев А. С.",88,91,1
Прояви сухого тертя,"Сили: тяжіння, реакція опори, вага, тертя, пружності, натягу","ФИЗИКА, Книга 1. Механика, Бутиков Е. И., Кондратьев А. С.",117,123,2
Напруженість поля тяжіння. Принцип суперпозиції. Притягання сферичних тіл,"Сили: тяжіння, реакція опори, вага, тертя, пружності, натягу","ФИЗИКА, Книга 1. Механика, Бутиков Е. И., Кондратьев А. С.",126,128,2
Модуль Юнга,"Сили: тяжіння, реакція опори, вага, тертя, пружності, натягу","ФИЗИКА, Книга 1. Механика, Бутиков Е. И., Кондратьев А. С.",141,141,2
В'язка рідина. Обтікання тіл,Рух в’язкої рідини,"ФИЗИКА, Книга 1. Механика, Бутиков Е. И., Кондратьев А. С.",345,346,0
Рух зі зв'язками,Криволінійний рух. Рух зі зв’язками,"ФИЗИКА, Книга 1. Механика, Бутиков Е. И., Кондратьев А. С.",101,107,0
,Енергія. Робота. Потенціальні(не) сили,"ФИЗИКА, Книга 1. Механика, Бутиков Е. И., Кондратьев А. С.",179,201,0
Застосування законів збереження при розв'язуванні задач,Енергія. Робота. Потенціальні(не) сили,"ФИЗИКА, Книга 1. Механика, Бутиков Е. И., Кондратьев А. С.",207,216,1
Зв'язок між законами збереження та симетрією простору і часу,Енергія. Робота. Потенціальні(не) сили,"ФИЗИКА, Книга 1. Механика, Бутиков Е. И., Кондратьев А. С.",201,207,2
,Гідростатика. Тиск. Закон Паскаля. Сполучені посудини,"ФИЗИКА, Книга 1. Механика, Бутиков Е. И., Кондратьев А. С.",332,333,0
,Рух зі змінною швидкістю. Рух в полі тяжіння. Криволінійний рух. Рух зі зв’язками,Элементарный учебник физики.Том 1: Механика и молекулярная физика.Под ред. Г.С. Ландсберга,45,59,0
,Рух зі змінною швидкістю. Рух в полі тяжіння. Криволінійний рух. Рух зі зв’язками,Элементарный учебник физики.Том 1: Механика и молекулярная физика.Под ред. Г.С. Ландсберга,111,114,0
,Рух зі змінною швидкістю. Рух в полі тяжіння. Криволінійний рух. Рух зі зв’язками,Элементарный учебник физики.Том 1: Механика и молекулярная физика.Под ред. Г.С. Ландсберга,213,221,0
Політ куль та снарядів,Рух зі змінною швидкістю. Рух в полі тяжіння. Криволінійний рух. Рух зі зв’язками,Элементарный учебник физики.Том 1: Механика и молекулярная физика.Под ред. Г.С. Ландсберга,221,222,1
,Криволінійний рух. Рух зі зв’язками,Элементарный учебник физики.Том 1: Механика и молекулярная физика.Под ред. Г.С. Ландсберга,66,70,0
,Криволінійний рух. Рух зі зв’язками,Элементарный учебник физики.Том 1: Механика и молекулярная физика.Под ред. Г.С. Ландсберга,224,237,1
,Криволінійний рух. Рух зі зв’язками,Элементарный учебник физики.Том 1: Механика и молекулярная физика.Под ред. Г.С. Ландсберга,238,252,2
,Енергія. Робота. Потенціальні(не) сили,Элементарный учебник физики.Том 1: Механика и молекулярная физика.Под ред. Г.С. Ландсберга,181,212,0
Штучні супутники Землі,Енергія. Робота. Потенціальні(не) сили,Элементарный учебник физики.Том 1: Механика и молекулярная физика.Под ред. Г.С. Ландсберга,245,252,1
Работа. Теплота. Закон збереження енергії,Енергія. Робота. Потенціальні(не) сили,Элементарный учебник физики.Том 1: Механика и молекулярная физика.Под ред. Г.С. Ландсберга,392,409,2
,НІСВ. Сили інерції,Элементарный учебник физики.Том 1: Механика и молекулярная физика.Под ред. Г.С. Ландсберга,253,269,0
,НІСВ. Сили інерції,Элементарный учебник физики.Том 1: Механика и молекулярная физика.Под ред. Г.С. Ландсберга,269,274,1
Рідина в неінерціальних системах відліку,НІСВ. Сили інерції,Элементарный учебник физики.Том 1: Механика и молекулярная физика.Под ред. Г.С. Ландсберга,353,355,1
,Гідростатика. Тиск. Закон Паскаля. Сполучені посудини,Элементарный учебник физики.Том 1: Механика и молекулярная физика.Под ред. Г.С. Ландсберга,275,296,0
,Гідростатика. Тиск. Закон Паскаля. Сполучені посудини,Элементарный учебник физики.Том 1: Механика и молекулярная физика.Под ред. Г.С. Ландсберга,300,303,0
,Гідростатика. Тиск. Закон Паскаля. Сполучені посудини,Элементарный учебник физики.Том 1: Механика и молекулярная физика.Под ред. Г.С. Ландсберга,297,300,1
,Гідростатика. Тиск. Закон Паскаля. Сполучені посудини,Элементарный учебник физики.Том 1: Механика и молекулярная физика.Под ред. Г.С. Ландсберга,303,307,1
,"Сили: тяжіння, реакція опори, вага, тертя, пружності, натягу",Элементарный учебник физики.Том 1: Механика и молекулярная физика.Под ред. Г.С. Ландсберга,76,90,0
Одиниці сили та маси,"Сили: тяжіння, реакція опори, вага, тертя, пружності, натягу",Элементарный учебник физики.Том 1: Механика и молекулярная физика.Под ред. Г.С. Ландсберга,100,100,0
Третій закон Ньютона,"Сили: тяжіння, реакція опори, вага, тертя, пружності, натягу",Элементарный учебник физики.Том 1: Механика и молекулярная физика.Под ред. Г.С. Ландсберга,101,104,0
Вага тіла,"Сили: тяжіння, реакція опори, вага, тертя, пружності, натягу",Элементарный учебник физики.Том 1: Механика и молекулярная физика.Под ред. Г.С. Ландсберга,115,118,0
Густина тіла,"Сили: тяжіння, реакція опори, вага, тертя, пружності, натягу",Элементарный учебник физики.Том 1: Механика и молекулярная физика.Под ред. Г.С. Ландсберга,118,119,0
Виникнення деформацій,"Сили: тяжіння, реакція опори, вага, тертя, пружності, натягу",Элементарный учебник физики.Том 1: Механика и молекулярная физика.Под ред. Г.С. Ландсберга,119,122,0
,"Сили: тяжіння, реакція опори, вага, тертя, пружності, натягу",Элементарный учебник физики.Том 1: Механика и молекулярная физика.Под ред. Г.С. Ландсберга,515,517,0
Сили тертя,"Сили: тяжіння, реакція опори, вага, тертя, пружності, натягу",Элементарный учебник физики.Том 1: Механика и молекулярная физика.Под ред. Г.С. Ландсберга,128,134,0
Додавання напрямлених під кутом сил,"Сили: тяжіння, реакція опори, вага, тертя, пружності, натягу",Элементарный учебник физики.Том 1: Механика и молекулярная физика.Под ред. Г.С. Ландсберга,91,92,1
Приклади використання третього закону Ньютона,"Сили: тяжіння, реакція опори, вага, тертя, пружності, натягу",Элементарный учебник физики.Том 1: Механика и молекулярная физика.Под ред. Г.С. Ландсберга,105,106,1
,"Сили: тяжіння, реакція опори, вага, тертя, пружності, натягу",Элементарный учебник физики.Том 1: Механика и молекулярная физика.Под ред. Г.С. Ландсберга,123,128,1
Розтяг та стискання,"Сили: тяжіння, реакція опори, вага, тертя, пружності, натягу",Элементарный учебник физики.Том 1: Механика и молекулярная физика.Под ред. Г.С. Ландсберга,517,519,1
Опір середовища,"Сили: тяжіння, реакція опори, вага, тертя, пружності, натягу",Элементарный учебник физики.Том 1: Механика и молекулярная физика.Под ред. Г.С. Ландсберга,134,137,1
,"Сили: тяжіння, реакція опори, вага, тертя, пружності, натягу",Элементарный учебник физики.Том 1: Механика и молекулярная физика.Под ред. Г.С. Ландсберга,92,99,2
Системи одиниць,"Сили: тяжіння, реакція опори, вага, тертя, пружності, натягу",Элементарный учебник физики.Том 1: Механика и молекулярная физика.Под ред. Г.С. Ландсберга,100,101,2
Імпульс тіла,"Сили: тяжіння, реакція опори, вага, тертя, пружності, натягу",Элементарный учебник физики.Том 1: Механика и молекулярная физика.Под ред. Г.С. Ландсберга,107,111,2